dataset,sweep,model,config,roc_mean,roc_std,pr_mean,pr_std,time_mean,time_std
arrhythmia,IF_depth_and_trees,IF,IF_t100_d8,0.8053854608258753,0.001572164609515644,0.4409486625122331,0.0060870004518338424,0.0028618335723876952,0.0008619741217708367
arrhythmia,IF_depth_and_trees,IF,IF_t200_d8,0.8014327209923066,0.0008164263947893196,0.4558010927597957,0.00379993250075703,0.005363655090332031,0.00016627513407300757
arrhythmia,IF_depth_and_trees,IF,IF_t100_dNone,0.7937313550007851,0.001745656734221188,0.458211687835038,0.005625301878152661,0.011726450920104981,0.00036561737550998936
arrhythmia,IF_depth_and_trees,IF,IF_t200_dNone,0.8081194065002355,0.0005320179594358036,0.4755463721192239,0.0030865097504312634,0.024024605751037598,0.0009690665218087544
arrhythmia,IF_sample_size,IF,IF_s64,0.8097739048516251,0.0019201558481659025,0.5020526080605199,0.006560084535729659,0.002348804473876953,0.00010425759590090092
arrhythmia,IF_sample_size,IF,IF_s128,0.8166470403517035,0.001362292479595119,0.48368821918751326,0.0013128498014505247,0.0023736476898193358,9.069442749023437e-05
arrhythmia,IF_sample_size,IF,IF_s256,0.8053854608258753,0.001572164609515644,0.4409486625122331,0.0060870004518338424,0.0026391983032226563,0.00017084061919679812
arrhythmia,IF_sample_size,IF,IF_s512,0.7946223897001099,0.001768443156106888,0.4614536240874501,0.0037055090190809313,0.0026544570922851563,8.813694785446583e-05
arrhythmia,Split_geometry_ndim,IF,ndim1_random,0.8053854608258753,0.001572164609515644,0.4409486625122331,0.0060870004518338424,0.0026319265365600587,0.00012326238003182658
arrhythmia,Split_geometry_ndim,EIF,ndim2_random,0.7984926990108338,0.0024427123224486373,0.475766014163337,0.005213639787455477,0.013190603256225586,0.00031859198071848376
arrhythmia,FCF_trees_and_samplesize,FCF,FCF_t100_s256,0.8012207567907049,0.0017938237145067564,0.5255395248573128,0.007002377880938203,0.027628493309020997,0.0013969017228583492
arrhythmia,FCF_trees_and_samplesize,FCF,FCF_t200_s256,0.804066572460355,0.0005223550271988532,0.5456463408581016,0.001669088089910621,0.057908153533935545,0.001904874831157827
arrhythmia,FCF_trees_and_samplesize,FCF,FCF_t200_s128,0.8125274768409483,0.0005840238657276769,0.5396271913337902,0.0009735566115327683,0.030420875549316405,0.0009034082930279088
arrhythmia,FCF_trees_and_samplesize,FCF,FCF_t200_s512,0.7955781912388129,0.0004420105830846588,0.4769491757486925,0.0020847301235880863,0.10462117195129395,0.0007485739947861435
arrhythmia,SCiF_ntry_and_range_penalty,SCiF,SCiF_ntry1_pen0,0.820654733867169,0.0018765877347238738,0.5343741151890189,0.00287928749393412,0.016638708114624024,0.0005417774164455671
arrhythmia,SCiF_ntry_and_range_penalty,SCiF,SCiF_ntry10_pen0,0.7570183702308054,0.0025420919584104858,0.4218503662629008,0.005630792715370212,0.11776390075683593,0.001060659066167049
arrhythmia,SCiF_ntry_and_range_penalty,SCiF,SCiF_ntry10_pen1,0.7577641701994033,0.002799117122401545,0.42223276074986693,0.006106837353612634,0.11719942092895508,0.0008372978355589873
arrhythmia,Scoring_metric,IF,IF_score_depth,0.8053854608258753,0.001572164609515644,0.4409486625122331,0.0060870004518338424,0.0026383161544799804,9.325174848691345e-05
arrhythmia,Scoring_metric,IF,IF_score_density,0.7953407128277594,0.0029497221842804456,0.41481853872586594,0.0059408718413785895,0.002653169631958008,7.513309010765379e-05
pima,IF_depth_and_trees,IF,IF_t100_d8,0.6949634328358208,0.0021215131653934825,0.5126758102383808,0.0017733861257948188,0.00423586368560791,0.00020061195070161396
pima,IF_depth_and_trees,IF,IF_t200_d8,0.6857380597014925,0.000631604776304504,0.5049188076038299,0.0006790923472168968,0.008926320075988769,0.000192763273104027
pima,IF_depth_and_trees,IF,IF_t100_dNone,0.6867850746268657,0.0008981850961350375,0.5095452256089892,0.0021805830745727506,0.012354898452758788,0.00016528388588070894
pima,IF_depth_and_trees,IF,IF_t200_dNone,0.6734264925373135,0.000793097958513151,0.5000186530561751,0.000913685318344706,0.025510764122009276,0.0007675284452296297
pima,IF_sample_size,IF,IF_s64,0.6720052238805969,0.0024808332996289857,0.5105352969456658,0.004059377861127208,0.004039883613586426,0.00013773527156673928
pima,IF_sample_size,IF,IF_s128,0.670276119402985,0.0011661340264350548,0.49638605256366714,0.0010587449478917691,0.003979372978210449,7.247462461808315e-05
pima,IF_sample_size,IF,IF_s256,0.6949634328358208,0.0021215131653934825,0.5126758102383808,0.0017733861257948188,0.004220700263977051,0.0001120383394648943
pima,IF_sample_size,IF,IF_s512,0.6551873134328359,0.0008700125977533113,0.4936446831225017,0.0007889714994977878,0.004820799827575684,0.00011583906916867677
pima,Split_geometry_ndim,IF,ndim1_random,0.6949634328358208,0.0021215131653934825,0.5126758102383808,0.0017733861257948188,0.004170632362365723,4.967678094405144e-05
pima,Split_geometry_ndim,EIF,ndim2_random,0.6766313432835821,0.000894708585453852,0.5032224915796375,0.0017518866511761222,0.01881730556488037,0.0005788662802121006
pima,FCF_trees_and_samplesize,FCF,FCF_t100_s256,0.6974772388059701,0.0008413239183694002,0.5209423569618306,0.001837517138067384,0.029743218421936037,0.0006435291316346856
pima,FCF_trees_and_samplesize,FCF,FCF_t200_s256,0.7042641791044775,0.00037954493158280086,0.5286695334186857,0.0003280823737329915,0.06171619892120361,0.0008620627154897249
pima,FCF_trees_and_samplesize,FCF,FCF_t200_s128,0.7087257462686567,0.0005591247028001204,0.5387846208801927,0.0007175236584878208,0.035277271270751955,0.0007761155980304851
pima,FCF_trees_and_samplesize,FCF,FCF_t200_s512,0.6919078358208954,0.0004554930999856774,0.5167661414393019,0.00042304243844137825,0.12358648777008056,0.001015040040005471
pima,SCiF_ntry_and_range_penalty,SCiF,SCiF_ntry1_pen0,0.6117376865671641,0.001112454866913735,0.42587450705590885,0.0007924291991390136,0.023017501831054686,0.0004619850311096162
pima,SCiF_ntry_and_range_penalty,SCiF,SCiF_ntry10_pen0,0.590244776119403,0.0010825953527082636,0.41292258503520884,0.00037069098090725843,0.12004854679107665,0.0008505731987664147
pima,SCiF_ntry_and_range_penalty,SCiF,SCiF_ntry10_pen1,0.5895283582089552,0.0009264155178643188,0.41154716049731244,0.0003785497408355376,0.11977214813232422,0.0012873099106765404
pima,Scoring_metric,IF,IF_score_depth,0.6949634328358208,0.0021215131653934825,0.5126758102383808,0.0017733861257948188,0.004413866996765136,0.00011476284929853909
pima,Scoring_metric,IF,IF_score_density,0.6748089552238807,0.001458809971011149,0.5337365016502593,0.0011075851324504902,0.004321694374084473,0.00010495603157509974
spambase,IF_depth_and_trees,IF,IF_t100_d8,0.6402774359579032,0.004332167363946707,0.488378368315349,0.004888974370935437,0.016643857955932616,0.00029833722167064666
spambase,IF_depth_and_trees,IF,IF_t200_d8,0.6701208828950169,0.0012504922808888768,0.5252758047994384,0.0016570140951787406,0.03497207164764404,0.0005714172096757038
spambase,IF_depth_and_trees,IF,IF_t100_dNone,0.7003990389827651,0.0022989429899537275,0.5343616723779444,0.0028440635318665226,0.10868043899536133,0.0005584280126924105
spambase,IF_depth_and_trees,IF,IF_t200_dNone,0.7133503269468631,0.0008226231592110418,0.554446087106481,0.001416048447141944,0.22399253845214845,0.004206968009612702
spambase,IF_sample_size,IF,IF_s64,0.6864207647462413,0.001749488638060266,0.5163762097197659,0.0019496432337830357,0.017374205589294433,0.0006240340220800357
spambase,IF_sample_size,IF,IF_s128,0.684469786596247,0.0021993899142541996,0.518125150033449,0.002670736111464323,0.01676783561706543,0.0002195327464019211
spambase,IF_sample_size,IF,IF_s256,0.6402774359579032,0.004332167363946707,0.488378368315349,0.004888974370935437,0.01664867401123047,0.00017847888710662783
spambase,IF_sample_size,IF,IF_s512,0.6012244581418594,0.003023273406484205,0.458520404249413,0.003362649592650603,0.016581392288208006,0.00022077264845581115
spambase,Split_geometry_ndim,IF,ndim1_random,0.6402774359579032,0.004332167363946707,0.488378368315349,0.004888974370935437,0.016608119010925293,0.0003071744530173808
spambase,Split_geometry_ndim,EIF,ndim2_random,0.6141926018924379,0.00644401769483762,0.47467397597434113,0.006987545381633501,0.05150983333587646,0.001181238292125761
spambase,FCF_trees_and_samplesize,FCF,FCF_t100_s256,0.7192993710338452,0.0015709662611620911,0.5611183800264357,0.002152686020271717,0.20385775566101075,0.0037538960263905777
spambase,FCF_trees_and_samplesize,FCF,FCF_t200_s256,0.7262480305240092,0.0009481655504726884,0.5712341536325183,0.0015743568414274536,0.41661055088043214,0.008765376047971897
spambase,FCF_trees_and_samplesize,FCF,FCF_t200_s128,0.7456896667698062,0.0008826597122410416,0.6149451963118936,0.001839830327691548,0.29288520812988283,0.013263394880045404
spambase,FCF_trees_and_samplesize,FCF,FCF_t200_s512,0.7200160486079732,0.00047521825021213363,0.5747575154744443,0.0006041787220683702,0.5965516567230225,0.015146079205077474
spambase,SCiF_ntry_and_range_penalty,SCiF,SCiF_ntry1_pen0,0.4801190548731028,0.005797761319982294,0.37898651253640986,0.003120694091980231,0.049579429626464847,0.0012590033345806805
spambase,SCiF_ntry_and_range_penalty,SCiF,SCiF_ntry10_pen0,0.4964625204069762,0.001852637672139115,0.38013176203608146,0.00086380346702059,0.12389583587646484,0.0013047753886572446
spambase,SCiF_ntry_and_range_penalty,SCiF,SCiF_ntry10_pen1,0.4957344176958852,0.0017158379604461271,0.3808990417982169,0.0009599074123283877,0.12352604866027832,0.0014114353576197467
spambase,Scoring_metric,IF,IF_score_depth,0.6402774359579032,0.004332167363946707,0.488378368315349,0.004888974370935437,0.016584157943725586,0.0003857058814228092
spambase,Scoring_metric,IF,IF_score_density,0.7089429839173639,0.005535095206012044,0.5469803455991391,0.007484756755940605,0.01651132106781006,0.00028264504452381426
satellite,IF_depth_and_trees,IF,IF_t100_d8,0.6928670719501797,0.006012183009755137,0.6410304128589641,0.0023807953092210557,0.027835988998413087,0.0007226185854525714
satellite,IF_depth_and_trees,IF,IF_t200_d8,0.6871747731557136,0.003013013942451439,0.6380581043223165,0.0011734097292836038,0.06228702068328858,0.0012147111114152323
satellite,IF_depth_and_trees,IF,IF_t100_dNone,0.6954844510562546,0.0024236888937040906,0.6409574241137782,0.0019968061312031706,0.08707380294799805,0.0021107258075395525
satellite,IF_depth_and_trees,IF,IF_t200_dNone,0.705298991867682,0.0008487715345997319,0.6603205275674574,0.0008411666302017795,0.1711827278137207,0.0035747325546380718
satellite,IF_sample_size,IF,IF_s64,0.6768392173431093,0.0016791471884114477,0.6647876972478443,0.002026067696503685,0.029898428916931154,0.0004483248275260569
satellite,IF_sample_size,IF,IF_s128,0.7010875507069609,0.006220922081498324,0.6830279920842166,0.003922127269477102,0.029021501541137695,0.0006678200669634902
satellite,IF_sample_size,IF,IF_s256,0.6928670719501797,0.006012183009755137,0.6410304128589641,0.0023807953092210557,0.027811193466186525,0.0003845753938250216
satellite,IF_sample_size,IF,IF_s512,0.6965729731395465,0.002763959439865025,0.6480740115274052,0.003186171800066168,0.02764008045196533,0.0006082666114157724
satellite,Split_geometry_ndim,IF,ndim1_random,0.6928670719501797,0.006012183009755137,0.6410304128589641,0.0023807953092210557,0.02872910499572754,0.00046846980847993025
satellite,Split_geometry_ndim,EIF,ndim2_random,0.6949405696329448,0.0027651111338176143,0.6490372468105965,0.002774504908192515,0.08351919651031495,0.0012633255423348327
satellite,FCF_trees_and_samplesize,FCF,FCF_t100_s256,0.8172892370162712,0.0006164950340252459,0.72668059486713,0.0010702755909515985,0.11963984966278077,0.00439427047640448
satellite,FCF_trees_and_samplesize,FCF,FCF_t200_s256,0.8246342433157027,0.0004987630132324915,0.7355572562564778,0.0008881416561697484,0.264288330078125,0.02212029381370046
satellite,FCF_trees_and_samplesize,FCF,FCF_t200_s128,0.8372893955627528,0.0005956502584584571,0.7659916106901513,0.0013069766875080106,0.18597037792205812,0.0060447833816486204
satellite,FCF_trees_and_samplesize,FCF,FCF_t200_s512,0.8138807500454426,0.0008285315603797876,0.7020306381336796,0.001924191413467045,0.37084953784942626,0.013211944164984874
satellite,SCiF_ntry_and_range_penalty,SCiF,SCiF_ntry1_pen0,0.6116379090890008,0.0038604485114635857,0.6162809005168277,0.0029902808869216014,0.07841954231262208,0.0026297359975844814
satellite,SCiF_ntry_and_range_penalty,SCiF,SCiF_ntry10_pen0,0.608186095384243,0.005055958204521246,0.5889641309360776,0.003088771379569828,0.20785610675811766,0.0023783907415710326
satellite,SCiF_ntry_and_range_penalty,SCiF,SCiF_ntry10_pen1,0.610402954815146,0.004918500085511849,0.5910498520808585,0.003133263462426756,0.21056947708129883,0.005282255996244156
satellite,Scoring_metric,IF,IF_score_depth,0.6928670719501797,0.006012183009755137,0.6410304128589641,0.0023807953092210557,0.028444910049438478,0.00043977521870272563
satellite,Scoring_metric,IF,IF_score_density,0.8323585553244597,0.002007203927073778,0.7573837419851692,0.0020106768795731286,0.028779935836791993,0.0007256494713344064
pendigits,IF_depth_and_trees,IF,IF_t100_d8,0.9586523185383775,0.002474137036762279,0.2958377561296834,0.010555551384368653,0.03310976028442383,0.00033822599791501543
pendigits,IF_depth_and_trees,IF,IF_t200_d8,0.9624922664466901,0.00064081175851817,0.3134346371974682,0.0030218442561597975,0.07026221752166747,0.0010716795599762005
pendigits,IF_depth_and_trees,IF,IF_t100_dNone,0.9464846226407888,0.0032703386684832685,0.2741274784017163,0.011722578032571908,0.08032586574554443,0.0018649030312269332
pendigits,IF_depth_and_trees,IF,IF_t200_dNone,0.9500465445338099,0.0010153763009301034,0.27652733557637416,0.005888551405458807,0.17080750465393066,0.005662824018692143
pendigits,IF_sample_size,IF,IF_s64,0.9200889072202745,0.0032091190504895703,0.21572773039838186,0.006348738765361539,0.03659121990203858,0.0007870165881308303
pendigits,IF_sample_size,IF,IF_s128,0.9400792832428222,0.0007072687946543152,0.27215544126598595,0.011986730072934127,0.033830881118774414,0.00026668240865024203
pendigits,IF_sample_size,IF,IF_s256,0.9586523185383775,0.002474137036762279,0.2958377561296834,0.010555551384368653,0.032931971549987796,0.0005342431262449156
pendigits,IF_sample_size,IF,IF_s512,0.9416386922083972,0.0011494413499977072,0.2675213824702459,0.005842573657096751,0.032363295555114746,0.0004333887684082649
pendigits,Split_geometry_ndim,IF,ndim1_random,0.9586523185383775,0.002474137036762279,0.2958377561296834,0.010555551384368653,0.03269989490509033,0.0005383433658645417
pendigits,Split_geometry_ndim,EIF,ndim2_random,0.9510789739006897,0.0015538376976254157,0.22124443015959452,0.0060264415510746325,0.09334940910339355,0.002634429616614609
pendigits,FCF_trees_and_samplesize,FCF,FCF_t100_s256,0.9640159196627026,0.002162870435969176,0.24443820106328137,0.010499092604605425,0.128578519821167,0.0016221270034592963
pendigits,FCF_trees_and_samplesize,FCF,FCF_t200_s256,0.961129585710685,0.0007104192520991425,0.22953430561508853,0.001587678851183451,0.2563763618469238,0.007186507227485414
pendigits,FCF_trees_and_samplesize,FCF,FCF_t200_s128,0.9666599833489913,0.0009149249283363168,0.27413180324812103,0.0029017249945200783,0.19688196182250978,0.0022862303397339213
pendigits,FCF_trees_and_samplesize,FCF,FCF_t200_s512,0.9500899383607159,0.0007465219991721,0.19379235186839477,0.0021300259192857125,0.418660044670105,0.0037557471768268837
pendigits,SCiF_ntry_and_range_penalty,SCiF,SCiF_ntry1_pen0,0.9587941958250269,0.0010269620671212807,0.23468195560974453,0.004970856786304863,0.09225411415100097,0.0026054788640590544
pendigits,SCiF_ntry_and_range_penalty,SCiF,SCiF_ntry10_pen0,0.9767501699472207,0.0008246591758183704,0.4976931489602503,0.011432262977100314,0.1905773639678955,0.0037127264703166523
pendigits,SCiF_ntry_and_range_penalty,SCiF,SCiF_ntry10_pen1,0.9764494206518334,0.0008426258210483641,0.43819838594216237,0.008176505237341019,0.18964941501617433,0.0016144687832909505
pendigits,Scoring_metric,IF,IF_score_depth,0.9586523185383775,0.002474137036762279,0.2958377561296834,0.010555551384368653,0.03308196067810058,0.0004566358391582091
pendigits,Scoring_metric,IF,IF_score_density,0.9492934778457567,0.0010631115612111223,0.26292231647313924,0.0033186410285201834,0.03327319622039795,0.00069212188685699
annthyroid,IF_depth_and_trees,IF,IF_t100_d8,0.7962842070723927,0.0036670930733017255,0.2754587542684318,0.003449976218347987,0.02915318012237549,0.0002687141979104717
annthyroid,IF_depth_and_trees,IF,IF_t200_d8,0.8080930564966609,0.0018674238736810296,0.2939255805332085,0.0023961852874933576,0.06319479942321778,0.0006543926194927142
annthyroid,IF_depth_and_trees,IF,IF_t100_dNone,0.8351006589422987,0.0016674307634321817,0.2982944366727751,0.0013197840653229658,0.1078033447265625,0.0012057451651051791
annthyroid,IF_depth_and_trees,IF,IF_t200_dNone,0.8333759218618491,0.0011297045133887918,0.30745922873882303,0.002143581186023608,0.22085983753204347,0.005597479534885682
annthyroid,IF_sample_size,IF,IF_s64,0.8353845918299696,0.003633216321368691,0.32622485774701343,0.004132908520021069,0.033177423477172854,0.0005943468160920865
annthyroid,IF_sample_size,IF,IF_s128,0.851895133333558,0.0024688552307197105,0.35290814798530223,0.003391268183552977,0.03099677562713623,0.00029544744224404423
annthyroid,IF_sample_size,IF,IF_s256,0.7962842070723927,0.0036670930733017255,0.2754587542684318,0.003449976218347987,0.02950296401977539,0.0004924523048366027
annthyroid,IF_sample_size,IF,IF_s512,0.7987541169847322,0.0011428267247675199,0.27768238789291544,0.002232891512901706,0.02934107780456543,0.00039452980585261073
annthyroid,Split_geometry_ndim,IF,ndim1_random,0.7962842070723927,0.0036670930733017255,0.2754587542684318,0.003449976218347987,0.029897260665893554,0.0005191254748879023
annthyroid,Split_geometry_ndim,EIF,ndim2_random,0.7163104512698462,0.0007305788054738046,0.22074684930155564,0.002029558481817368,0.0930934190750122,0.003156803716135031
annthyroid,FCF_trees_and_samplesize,FCF,FCF_t100_s256,0.7434228394749587,0.0011859491845586391,0.22703926698692406,0.002848616173541163,0.13917741775512696,0.00371840801675421
annthyroid,FCF_trees_and_samplesize,FCF,FCF_t200_s256,0.7430056207867978,0.0003407786274797016,0.22988950563422322,0.0006803471392441637,0.28918235301971434,0.007971206055847934
annthyroid,FCF_trees_and_samplesize,FCF,FCF_t200_s128,0.7356265120894111,0.0011067276415953555,0.20652308128795668,0.004750211116779241,0.21247191429138185,0.002631704226375668
annthyroid,FCF_trees_and_samplesize,FCF,FCF_t200_s512,0.7389276427642765,0.0009729078454701508,0.23105777258465773,0.0015141104307926673,0.46779680252075195,0.007947180407220384
annthyroid,SCiF_ntry_and_range_penalty,SCiF,SCiF_ntry1_pen0,0.6029134795502022,0.001358649479695595,0.14793121264363635,0.0016325565820287245,0.08277401924133301,0.0027998339458245544
annthyroid,SCiF_ntry_and_range_penalty,SCiF,SCiF_ntry10_pen0,0.6792958930724533,0.0009141774109156076,0.3358617504119108,0.0010460323850569819,0.1901026487350464,0.001988331701251178
annthyroid,SCiF_ntry_and_range_penalty,SCiF,SCiF_ntry10_pen1,0.6785602296184675,0.000697260180011228,0.3339274496501782,0.0010741297884261888,0.19141414165496826,0.00119029360619348
annthyroid,Scoring_metric,IF,IF_score_depth,0.7962842070723927,0.0036670930733017255,0.2754587542684318,0.003449976218347987,0.029669761657714844,0.0006230058313395443
annthyroid,Scoring_metric,IF,IF_score_density,0.852912173239796,0.003498495177660538,0.33209568446599036,0.003958529622479903,0.029417920112609863,0.0005511533699876978
mnist,IF_depth_and_trees,IF,IF_t100_d8,0.8235598187123611,0.0020843716042320483,0.294350071024146,0.0027893941230454525,0.03480534553527832,0.0008842398679836367
mnist,IF_depth_and_trees,IF,IF_t200_d8,0.8141187889323482,0.00147928344898822,0.28471053492416104,0.002068121910593052,0.07260925769805908,0.0014872452166318744
mnist,IF_depth_and_trees,IF,IF_t100_dNone,0.8094353179776907,0.0008114397546700236,0.29111197532042743,0.0030468820575836318,0.09589273929595947,0.0020128979232156897
mnist,IF_depth_and_trees,IF,IF_t200_dNone,0.8035082262370399,0.0008931706375210203,0.27740832179419866,0.0024071548224311994,0.19296526908874512,0.00465894805804899
mnist,IF_sample_size,IF,IF_s64,0.7798704807433621,0.002800885222197811,0.21467454146120887,0.004571067081663728,0.03866817951202393,0.0005105701495862192
mnist,IF_sample_size,IF,IF_s128,0.7777086980815795,0.0029773478623494787,0.24556023825215384,0.0061884888707753145,0.03585052490234375,0.0003907301408999239
mnist,IF_sample_size,IF,IF_s256,0.8235598187123611,0.0020843716042320483,0.294350071024146,0.0027893941230454525,0.0347437858581543,0.0006687979426132545
mnist,IF_sample_size,IF,IF_s512,0.8190533929347488,0.0023282684115597573,0.2936712499436145,0.002841913320214385,0.03357322216033935,0.0006919140983491419
mnist,Split_geometry_ndim,IF,ndim1_random,0.8235598187123611,0.0020843716042320483,0.294350071024146,0.0027893941230454525,0.034273529052734376,0.0005896257783030134
mnist,Split_geometry_ndim,EIF,ndim2_random,0.8267463835599429,0.0041945729924083505,0.3097144519940894,0.010216619596967196,0.09920356273651124,0.003523308123891578
mnist,FCF_trees_and_samplesize,FCF,FCF_t100_s256,0.7948561495002172,0.004266052772333432,0.262546910752884,0.003800177126840035,0.1658700704574585,0.005913509401150466
mnist,FCF_trees_and_samplesize,FCF,FCF_t200_s256,0.7919672606113284,0.0008106611252140613,0.2515705282183501,0.0008006810941970497,0.3489422559738159,0.009656636163530144
mnist,FCF_trees_and_samplesize,FCF,FCF_t200_s128,0.788289936052648,0.0014409561958259127,0.25321525876633566,0.002226889671610363,0.2589762210845947,0.008863418585000532
mnist,FCF_trees_and_samplesize,FCF,FCF_t200_s512,0.7933579913495168,0.0012020426919072172,0.2734902471230844,0.0023319991070893994,0.5620741844177246,0.012499719388085254
mnist,SCiF_ntry_and_range_penalty,SCiF,SCiF_ntry1_pen0,0.8308734504666709,0.0025776758109380387,0.28497871526570623,0.003980623249541565,0.10089812278747559,0.0029765332310880462
mnist,SCiF_ntry_and_range_penalty,SCiF,SCiF_ntry10_pen0,0.8212874733552699,0.0030345773652716733,0.32224590975395107,0.006727615276284187,0.1856332540512085,0.0036737589810973866
mnist,SCiF_ntry_and_range_penalty,SCiF,SCiF_ntry10_pen1,0.8207780468119452,0.0030546541767148185,0.3217884489996313,0.006635921970166654,0.18897759914398193,0.0022532130122050777
mnist,Scoring_metric,IF,IF_score_depth,0.8235598187123611,0.0020843716042320483,0.294350071024146,0.0027893941230454525,0.03465583324432373,0.0007310882288468111
mnist,Scoring_metric,IF,IF_score_density,0.7811265288383933,0.0034988022676287127,0.25873388430194444,0.0040935741918759795,0.03522176742553711,0.0009807071114446653
